<?xml version="1.0" encoding="UTF-8"?>
<project-private xmlns="http://www.netbeans.org/ns/project-private/1">
    <editor-bookmarks xmlns="http://www.netbeans.org/ns/editor-bookmarks/2" lastBookmarkId="0"/>
    <open-files xmlns="http://www.netbeans.org/ns/projectui-open-files/2">
        <group>
            <file>file:/C:/Users/keeolin%20naicker/Desktop/RedBlackTree/RedBlackTree/src/redblacktree/BinaryTreePanel.java</file>
            <file>file:/C:/Users/keeolin%20naicker/Desktop/RedBlackTree/RedBlackTree/src/redblacktree/BinaryTreeNode.java</file>
            <file>file:/C:/Users/keeolin%20naicker/Desktop/RedBlackTree/RedBlackTree/src/redblacktree/LinkedBinaryTreeNode.java</file>
            <file>file:/C:/Users/keeolin%20naicker/Desktop/RedBlackTree/RedBlackTree/src/redblacktree/RedBlackTreeViewer.java</file>
            <file>file:/C:/Users/keeolin%20naicker/Desktop/RedBlackTree/RedBlackTree/src/redblacktree/RedBlackTree.java</file>
            <file>file:/C:/Users/keeolin%20naicker/Desktop/RedBlackTree/RedBlackTree/src/redblacktree/BinarySearchTree.java</file>
        </group>
    </open-files>
</project-private>
